final,segment_count,sample_count,patient_count,frame_count,mean_norm_error_l1,median_norm_error_l1,mean_pred_error_l1,median_pred_error_l1,mean_target_residual_l1,median_target_residual_l1,mean_pred_residual_l1,median_pred_residual_l1,mean_relative_l1_gain,median_relative_l1_gain,mean_gap_ratio,median_gap_ratio,mean_residual_scale_ratio,median_residual_scale_ratio,mean_low_band_gap_l1,median_low_band_gap_l1,mean_mid_band_gap_l1,median_mid_band_gap_l1,mean_high_band_gap_l1,median_high_band_gap_l1,mean_temporal_delta_gap_l1,median_temporal_delta_gap_l1
un,73,73,60,1578,2.000986,1.715107,0.882530,0.780496,2.000986,1.715107,1.727429,1.511217,0.511622,0.552703,0.488378,0.447297,0.879465,0.872966,0.963545,0.927784,0.843164,0.707954,0.839278,0.706232,0.410526,0.391445
ap,43,43,33,729,1.682138,1.576676,0.796271,0.695172,1.682138,1.576676,1.454186,1.333357,0.515356,0.567686,0.484644,0.432314,0.866934,0.863098,0.854951,0.737832,0.804710,0.722492,0.726572,0.630484,0.447994,0.433897
eot,80,40,31,1427,1.926096,1.842791,0.879837,0.776965,1.926096,1.842791,1.616925,1.507411,0.521835,0.549422,0.478165,0.450578,0.852576,0.853121,0.893285,0.741985,0.917830,0.776643,0.826416,0.690338,0.402512,0.388329
oe,46,46,33,934,1.853123,1.702897,0.858360,0.858561,1.853123,1.702897,1.627204,1.489081,0.521872,0.518294,0.478128,0.481706,0.876300,0.876491,0.953727,0.902644,0.849460,0.791636,0.768567,0.761361,0.396283,0.379596
au,260,173,35,4956,1.893518,1.793594,0.822156,0.763370,1.893518,1.793594,1.706190,1.558606,0.536795,0.574441,0.463205,0.425559,0.899922,0.897973,0.881542,0.810928,0.815960,0.694890,0.766921,0.700645,0.412653,0.406341
eoi,163,163,34,3328,1.959631,1.781145,0.852730,0.774343,1.959631,1.781145,1.727379,1.578319,0.537915,0.551109,0.462085,0.448891,0.878791,0.877095,0.934398,0.837462,0.852711,0.763234,0.767940,0.702431,0.387048,0.383346
aap,43,43,33,730,1.779018,1.716888,0.810060,0.747827,1.779018,1.716888,1.556299,1.515903,0.538986,0.578630,0.461014,0.421370,0.879623,0.886266,0.878966,0.802079,0.791536,0.695340,0.757740,0.681915,0.436840,0.425012
ing,112,112,32,2061,1.949067,1.845268,0.819410,0.738728,1.949067,1.845268,1.730551,1.569514,0.542642,0.571411,0.457358,0.428589,0.896929,0.895154,0.882813,0.790194,0.838312,0.760982,0.733940,0.682807,0.390973,0.376618
im,40,40,32,809,2.279487,1.947644,0.988684,0.755963,2.279487,1.947644,2.007685,1.827107,0.543279,0.600167,0.456721,0.399833,0.896288,0.879714,1.116540,0.827693,0.946489,0.690310,0.899727,0.708573,0.386666,0.380501
i,199,199,34,3795,1.947174,1.806679,0.826476,0.772661,1.947174,1.806679,1.759646,1.647839,0.544283,0.578750,0.455717,0.421250,0.907599,0.902868,0.860483,0.773369,0.850276,0.785671,0.766445,0.705074,0.397394,0.390654
aan,167,167,42,3439,2.170590,1.874751,0.876390,0.783275,2.170590,1.874751,1.963006,1.621609,0.548789,0.571769,0.451211,0.428231,0.899903,0.894785,0.960773,0.836039,0.874183,0.747617,0.791054,0.695273,0.383213,0.367492
u,40,40,31,924,1.873141,1.862135,0.817535,0.762120,1.873141,1.862135,1.717680,1.664172,0.552262,0.560945,0.447738,0.439055,0.924927,0.915110,0.902407,0.836203,0.800258,0.720016,0.747338,0.714991,0.378231,0.358690
aat,126,126,36,2449,1.959863,1.870307,0.815172,0.774123,1.959863,1.870307,1.773620,1.683941,0.558724,0.589173,0.441276,0.410827,0.902757,0.887040,0.885154,0.786353,0.792964,0.710401,0.765562,0.713190,0.412407,0.401454
o,444,356,43,8533,2.133256,1.955057,0.845040,0.771210,2.133256,1.955057,1.921940,1.734099,0.560540,0.595053,0.439460,0.404947,0.903928,0.892918,0.939776,0.843013,0.833024,0.728233,0.759140,0.687424,0.395274,0.392083
ai,245,166,35,4488,2.003691,1.910337,0.822433,0.782073,2.003691,1.910337,1.788720,1.681327,0.564418,0.590249,0.435582,0.409751,0.889471,0.893457,0.879417,0.798288,0.815760,0.744784,0.770186,0.720968,0.414423,0.395697
ou,296,242,61,5982,2.077180,1.807906,0.799450,0.745847,2.077180,1.807906,1.822458,1.596993,0.572323,0.589651,0.427677,0.410349,0.875069,0.874713,0.883181,0.816842,0.791928,0.688401,0.720311,0.652220,0.377295,0.368804
eon,40,40,32,812,1.938700,1.862034,0.775100,0.723737,1.938700,1.862034,1.756400,1.609103,0.575497,0.595027,0.424503,0.404973,0.909868,0.932669,0.831668,0.749479,0.781376,0.681063,0.709840,0.653245,0.393535,0.378588
aau,205,205,34,4059,2.148865,1.859075,0.800703,0.746019,2.148865,1.859075,1.908141,1.575495,0.577267,0.586886,0.422733,0.413114,0.882096,0.871780,0.847487,0.780359,0.814739,0.743398,0.737542,0.665821,0.367539,0.360984
ik,214,131,36,4058,2.033242,1.891028,0.790666,0.721037,2.033242,1.891028,1.828620,1.725204,0.578879,0.604944,0.421121,0.395056,0.895112,0.895646,0.836930,0.752777,0.804350,0.717647,0.728412,0.684408,0.385232,0.372474
an,80,80,32,1739,2.017984,1.821090,0.771276,0.727542,2.017984,1.821090,1.815075,1.601422,0.579254,0.610663,0.420746,0.389337,0.889495,0.903446,0.804793,0.727062,0.811127,0.713826,0.695085,0.655129,0.388563,0.372260
yun,82,82,33,1563,2.094826,1.950030,0.825055,0.747696,2.094826,1.950030,1.866463,1.742943,0.580078,0.613648,0.419922,0.386352,0.887270,0.894667,0.894569,0.775607,0.828710,0.722124,0.749071,0.706888,0.411481,0.407081
ek,76,76,32,1447,2.009865,1.869803,0.785902,0.764051,2.009865,1.869803,1.780339,1.678339,0.582139,0.580643,0.417861,0.419357,0.878783,0.902207,0.827910,0.791873,0.802789,0.739029,0.724741,0.658362,0.405154,0.381264
oek,48,48,35,991,2.155535,1.961523,0.838941,0.796410,2.155535,1.961523,1.894733,1.764069,0.582979,0.620715,0.417021,0.379285,0.883678,0.882869,0.860426,0.790632,0.850096,0.735179,0.805044,0.762482,0.410786,0.391043
aai,221,221,42,4580,2.143872,1.957482,0.809381,0.775244,2.143872,1.957482,1.916315,1.746030,0.583848,0.580152,0.416152,0.419848,0.889654,0.882359,0.885648,0.820976,0.806125,0.732470,0.733561,0.652536,0.364418,0.356086
uk,132,132,37,2448,2.074312,1.947448,0.812419,0.771521,2.074312,1.947448,1.844641,1.789313,0.584194,0.603696,0.415806,0.396304,0.891318,0.908032,0.863372,0.804352,0.802913,0.717019,0.769379,0.713854,0.409454,0.397194
ung,231,190,43,4601,2.063692,1.886615,0.787843,0.731693,2.063692,1.886615,1.835437,1.729444,0.585859,0.604418,0.414141,0.395582,0.890494,0.886333,0.847798,0.784587,0.800271,0.701740,0.712676,0.640644,0.390895,0.393588
ang,165,165,36,3260,2.234695,2.043008,0.836359,0.767016,2.234695,2.043008,1.977662,1.823110,0.586951,0.606430,0.413049,0.393570,0.884288,0.881298,0.909457,0.804435,0.818528,0.734655,0.778968,0.723191,0.385908,0.387336
zero_final,47,47,34,963,2.006073,1.969039,0.784228,0.736738,2.006073,1.969039,1.796617,1.736068,0.590381,0.625228,0.409619,0.374772,0.893700,0.886405,0.849099,0.812824,0.796690,0.684660,0.703921,0.680655,0.400477,0.380439
iu,254,158,61,5185,2.372519,2.151343,0.866358,0.754126,2.372519,2.151343,2.112595,1.906910,0.592000,0.621943,0.408000,0.378057,0.892090,0.896413,0.955340,0.831432,0.853219,0.721757,0.787599,0.697439,0.380524,0.371020
ong,301,215,36,6223,2.279743,2.007570,0.814138,0.725735,2.279743,2.007570,2.060642,1.834017,0.592331,0.626625,0.407669,0.373375,0.900466,0.907221,0.907032,0.793366,0.801355,0.662703,0.730946,0.649038,0.379253,0.362719
it,44,44,34,743,1.956572,1.953141,0.766599,0.725597,1.956572,1.953141,1.803094,1.732389,0.592792,0.634455,0.407208,0.365545,0.924275,0.928548,0.753891,0.683833,0.787947,0.776062,0.757627,0.709186,0.386466,0.362029
oeng,174,130,35,3141,2.113147,1.833258,0.758746,0.716229,2.113147,1.833258,1.903296,1.627601,0.594337,0.590836,0.405663,0.409164,0.895519,0.902041,0.785213,0.720336,0.765985,0.687325,0.723742,0.680231,0.378549,0.374108
aam,40,40,31,710,2.216274,1.905992,0.790706,0.741455,2.216274,1.905992,1.960567,1.707692,0.607989,0.609922,0.392011,0.390078,0.887486,0.869243,0.848025,0.776533,0.814227,0.712460,0.706758,0.656423,0.343509,0.351215
am,47,47,34,943,2.175542,2.037890,0.773587,0.736461,2.175542,2.037890,1.986504,1.919311,0.614406,0.638616,0.385594,0.361384,0.910856,0.896015,0.871527,0.812727,0.782454,0.722975,0.662671,0.604709,0.395682,0.385702
in,562,330,61,11002,2.418582,2.082615,0.808174,0.721143,2.418582,2.082615,2.238793,1.966592,0.617589,0.643981,0.382411,0.356019,0.926568,0.917874,0.882335,0.772171,0.803100,0.695648,0.736431,0.651316,0.380021,0.365844
e,384,259,43,7425,2.458006,2.056674,0.748354,0.688186,2.458006,2.056674,2.295711,1.972856,0.640482,0.647379,0.359518,0.352621,0.925611,0.919695,0.810938,0.736892,0.739092,0.649145,0.692983,0.630708,0.358372,0.346673
ui,93,93,42,1943,2.749142,2.437563,0.816020,0.728025,2.749142,2.437563,2.542870,2.265059,0.660463,0.667397,0.339537,0.332603,0.927537,0.942823,0.920727,0.779718,0.781630,0.680822,0.742998,0.658767,0.393240,0.375036
at,149,76,61,3202,3.344170,2.769176,0.852786,0.766750,3.344170,2.769176,2.990415,2.534721,0.680329,0.696936,0.319671,0.303064,0.902928,0.917697,0.923544,0.851877,0.847122,0.720146,0.785188,0.660934,0.365230,0.352123
aa,398,307,43,8046,2.848080,2.547652,0.722226,0.649173,2.848080,2.547652,2.653146,2.428756,0.695302,0.727426,0.304698,0.272574,0.930769,0.933862,0.798432,0.688709,0.696226,0.609448,0.670090,0.595701,0.338940,0.323582
ut,73,73,60,1579,3.751630,3.700334,1.002690,0.799275,3.751630,3.700334,3.471383,3.464265,0.703960,0.749828,0.296040,0.250172,0.943196,0.930553,1.137101,0.927749,0.959992,0.721535,0.907448,0.724250,0.447374,0.390760
yu,43,43,33,728,2.773812,2.353508,0.703096,0.675800,2.773812,2.353508,2.654900,2.214329,0.708204,0.727513,0.291796,0.272487,0.948222,0.948836,0.737938,0.645462,0.689226,0.644103,0.681317,0.667586,0.375426,0.370312
ok,86,86,34,1496,3.077412,2.579494,0.687199,0.675838,3.077412,2.579494,2.927736,2.402687,0.721122,0.737907,0.278878,0.262093,0.936074,0.938997,0.771502,0.698814,0.636569,0.587036,0.652232,0.629442,0.366530,0.344157
yut,89,89,34,1664,3.769941,3.651699,0.656534,0.618142,3.769941,3.651699,3.661292,3.729064,0.769708,0.826984,0.230292,0.173016,0.964150,0.967976,0.731795,0.653742,0.631946,0.565910,0.603912,0.557075,0.355283,0.336502
